-- ESTADO DEL PEDIDO LO DA EL PROFE 15
INSERT INTO EstadoPedido (id, nombre, tiempo_promedio, descripcion) VALUES
(1, 'Pendiente', 5, 'Pedido registrado, esperando confirmación.'),
(2, 'Confirmado', 10, 'Pedido confirmado por el comercio.'),
(3, 'En Preparación', 20, 'El pedido está siendo preparado.'),
(4, 'Listo para Entrega', 2, 'El pedido está listo para ser entregado.'),
(5, 'En Camino', 30, 'El repartidor está en camino.'),
(6, 'Entregado', 1, 'El pedido fue entregado al cliente.'),
(7, 'Cancelado', 1, 'El pedido fue cancelado.'),
(8, 'Retrasado', 15, 'El pedido tiene un retraso inesperado.'),
(9, 'Devolución en Proceso', 5, 'El pedido está en proceso de devolución.'),
(10, 'Reembolsado', 1, 'El monto del pedido fue reembolsado.'),
(11, 'Rechazado por Comercio', 1, 'El comercio rechazó el pedido por falta de disponibilidad.'),
(12, 'Esperando Repartidor', 10, 'Pedido listo pero sin repartidor asignado aún.'),
(13, 'Reintento de Entrega', 20, 'Se está realizando un segundo intento de entrega.'),
(14, 'Programado', 60, 'Pedido programado para entrega futura.'),
(15, 'Error en Pago', 1, 'El pago no se procesó correctamente, pedido en revisión.');



-- -- CLIENTES 100
INSERT INTO Cliente (id, password, telefono, fecha_registro, correo, nombre, apellido, fecha_nac, nro_documento) VALUES
(1, 'passJuan01', '04121234567', '2024-01-15', 'juan.perez@email.com', 'Juan', 'Pérez', '1990-05-20', '12345678'),
(2, 'seguraMaria', '04147654321', '2024-01-16', 'maria.gomez@email.com', 'María', 'Gómez', '1988-11-10', '87654321'),
(3, 'carlosPass', '04269876543', '2024-01-17', 'carlos.rodriguez@email.com', 'Carlos', 'Rodríguez', '1992-03-25', '98765432'),
(4, 'anaLogin', '04161112233', '2024-01-18', 'ana.lopez@email.com', 'Ana', 'López', '1995-07-01', '11223344'),
(5, 'luisPass', '04125556677', '2024-01-19', 'luis.hernandez@email.com', 'Luis', 'Hernández', '1985-09-12', '55667788'),
(6, 'sofiaSegura', '04243334455', '2024-01-20', 'sofia.diaz@email.com', 'Sofía', 'Díaz', '1998-02-28', '33445566'),
(7, 'pedroAcceso', '04149990011', '2024-01-21', 'pedro.gonzalez@email.com', 'Pedro', 'González', '1980-04-03', '99001122'),
(8, 'lauraKey', '04167778899', '2024-01-22', 'laura.martinez@email.com', 'Laura', 'Martínez', '1993-12-05', '77889900'),
(9, 'diegoLogin', '04122223344', '2024-01-23', 'diego.sanchez@email.com', 'Diego', 'Sánchez', '1991-06-15', '22334455'),
(10, 'paulaPass', '04264445566', '2024-01-24', 'paula.fernandez@email.com', 'Paula', 'Fernández', '1996-08-08', '44556677'),
(11, 'alejoPass', '04146667788', '2024-01-25', 'alejandro.ramirez@email.com', 'Alejandro', 'Ramírez', '1987-01-30', '66778899'),
(12, 'valeLogin', '04128889900', '2024-01-26', 'valeria.torres@email.com', 'Valeria', 'Torres', '1994-10-22', '88990011'),
(13, 'daniAccess', '04240001122', '2024-01-27', 'daniel.jimenez@email.com', 'Daniel', 'Jiménez', '1989-03-17', '00112233'),
(14, 'gabiPass', '04162223344', '2024-01-28', 'gabriela.moreno@email.com', 'Gabriela', 'Moreno', '1997-09-01', '22334455'),
(15, 'javiSecure', '04124445566', '2024-01-29', 'javier.ruiz@email.com', 'Javier', 'Ruiz', '1983-07-07', '44556677'),
(16, 'emilyPass', '04266667788', '2024-01-30', 'emily.castro@email.com', 'Emily', 'Castro', '1999-01-11', '66778899'),
(17, 'andresLogin', '04148889900', '2024-01-31', 'andres.ortiz@email.com', 'Andrés', 'Ortiz', '1986-06-23', '88990011'),
(18, 'natiKey', '04120001122', '2024-02-01', 'natalia.silva@email.com', 'Natalia', 'Silva', '1990-11-29', '00112233'),
(19, 'sergioAccess', '04242223344', '2024-02-02', 'sergio.guerrero@email.com', 'Sergio', 'Guerrero', '1992-04-14', '22334455'),
(20, 'camiPass', '04164445566', '2024-02-03', 'camila.vargas@email.com', 'Camila', 'Vargas', '1995-10-06', '44556677'),
(21, 'ricardoLogin', '04126667788', '2024-02-04', 'ricardo.soto@email.com', 'Ricardo', 'Soto', '1984-08-18', '66778899'),
(22, 'flaviaPass', '04268889900', '2024-02-05', 'flavia.cruz@email.com', 'Flavia', 'Cruz', '1997-03-09', '88990011'),
(23, 'eduardoAccess', '04140001122', '2024-02-06', 'eduardo.paredes@email.com', 'Eduardo', 'Paredes', '1981-05-21', '00112233'),
(24, 'vickyLogin', '04122223344', '2024-02-07', 'victoria.rivera@email.com', 'Victoria', 'Rivera', '1993-01-02', '22334455'),
(25, 'francoKey', '04244445566', '2024-02-08', 'franco.delgado@email.com', 'Franco', 'Delgado', '1982-11-15', '44556677'),
(26, 'isaPass', '04166667788', '2024-02-09', 'isabella.herrera@email.com', 'Isabella', 'Herrera', '1996-07-24', '66778899'),
(27, 'ignacioLogin', '04128889900', '2024-02-10', 'ignacio.flores@email.com', 'Ignacio', 'Flores', '1980-09-03', '88990011'),
(28, 'ximeAccess', '04260001122', '2024-02-11', 'ximena.guerra@email.com', 'Ximena', 'Guerra', '1998-04-19', '00112233'),
(29, 'nicoPass', '04142223344', '2024-02-12', 'nicolas.sierra@email.com', 'Nicolás', 'Sierra', '1985-12-01', '22334455'),
(30, 'valeSecure', '04124445566', '2024-02-13', 'valentina.leon@email.com', 'Valentina', 'León', '1991-06-27', '44556677'),
(31, 'joacoLogin', '04246667788', '2024-02-14', 'joaquin.mendoza@email.com', 'Joaquín', 'Mendoza', '1987-02-09', '66778899'),
(32, 'renaKey', '04168889900', '2024-02-15', 'renata.paz@email.com', 'Renata', 'Paz', '1994-08-04', '88990011'),
(33, 'facuAccess', '04120001122', '2024-02-16', 'facundo.vega@email.com', 'Facundo', 'Vega', '1983-10-30', '00112233'),
(34, 'antoLogin', '04262223344', '2024-02-17', 'antonella.costa@email.com', 'Antonella', 'Costa', '1999-05-25', '22334455'),
(35, 'benjaPass', '04144445566', '2024-02-18', 'benjamin.romero@email.com', 'Benjamín', 'Romero', '1980-07-16', '44556677'),
(36, 'agusSecure', '04126667788', '2024-02-19', 'agustina.blanco@email.com', 'Agustina', 'Blanco', '1992-01-08', '66778899'),
(37, 'cristoLogin', '04248889900', '2024-02-20', 'cristobal.salas@email.com', 'Cristóbal', 'Salas', '1988-03-03', '88990011'),
(38, 'juaniKey', '04160001122', '2024-02-21', 'juana.caceres@email.com', 'Juana', 'Cáceres', '1995-09-19', '00112233'),
(39, 'pipeAccess', '04122223344', '2024-02-22', 'felipe.soto@email.com', 'Felipe', 'Soto', '1984-05-11', '22334455'),
(40, 'luciPass', '04264445566', '2024-02-23', 'lucia.molina@email.com', 'Lucía', 'Molina', '1997-11-20', '44556677'),
(41, 'mateoLogin', '04146667788', '2024-02-24', 'mateo.herrera@email.com', 'Mateo', 'Herrera', '1981-01-26', '66778899'),
(42, 'elenaKey', '04128889900', '2024-02-25', 'elena.gomez@email.com', 'Elena', 'Gómez', '1993-07-05', '88990011'),
(43, 'santiAccess', '04240001122', '2024-02-26', 'santiago.ruiz@email.com', 'Santiago', 'Ruiz', '1982-04-10', '00112233'),
(44, 'sofiaPass', '04162223344', '2024-02-27', 'sofia.fernandez@email.com', 'Sofía', 'Fernández', '1996-12-14', '22334455'),
(45, 'matiasLogin', '04124445566', '2024-02-28', 'matias.diaz@email.com', 'Matías', 'Díaz', '1980-02-01', '44556677'),
(46, 'renaLogin', '04266667788', '2024-03-01', 'renata.rodriguez@email.com', 'Renata', 'Rodríguez', '1998-08-07', '66778899'),
(47, 'leoPass', '04148889900', '2024-03-02', 'leonardo.lopez@email.com', 'Leonardo', 'López', '1985-06-19', '88990011'),
(48, 'josePass', '04120001122', '2024-03-03', 'josefa.sanchez@email.com', 'Josefa', 'Sánchez', '1991-04-23', '00112233'),
(49, 'arturoSecure', '04242223344', '2024-03-04', 'arturo.gonzalez@email.com', 'Arturo', 'González', '1987-10-02', '22334455'),
(50, 'isiPass', '04164445566', '2024-03-05', 'isidora.martinez@email.com', 'Isidora', 'Martínez', '1994-06-18', '44556677'),
(51, 'agusLogin', '04126667788', '2024-03-06', 'agustin.ramirez@email.com', 'Agustín', 'Ramírez', '1983-09-01', '66778899'),
(52, 'emmaKey', '04268889900', '2024-03-07', 'emma.torres@email.com', 'Emma', 'Torres', '1999-03-12', '88990011'),
(53, 'viceAccess', '04140001122', '2024-03-08', 'vicente.jimenez@email.com', 'Vicente', 'Jiménez', '1980-08-25', '00112233'),
(54, 'josefinaLogin', '04122223344', '2024-03-09', 'josefina.moreno@email.com', 'Josefina', 'Moreno', '1992-02-07', '22334455'),
(55, 'tomasPass', '04244445566', '2024-03-10', 'tomas.ruiz@email.com', 'Tomás', 'Ruiz', '1988-06-29', '44556677'),
(56, 'juanaSecure', '04166667788', '2024-03-11', 'juana.castro@email.com', 'Juana', 'Castro', '1995-01-18', '66778899'),
(57, 'gabiLogin', '04128889900', '2024-03-12', 'gabriel.ortiz@email.com', 'Gabriel', 'Ortiz', '1984-11-04', '88990011'),
(58, 'cataKey', '04260001122', '2024-03-13', 'catalina.silva@email.com', 'Catalina', 'Silva', '1997-05-09', '00112233'),
(59, 'martinAccess', '04142223344', '2024-03-14', 'martin.guerrero@email.com', 'Martín', 'Guerrero', '1981-03-22', '22334455'),
(60, 'antoLogin2', '04124445566', '2024-03-15', 'antonella.vargas@email.com', 'Antonella', 'Vargas', '1993-09-28', '44556677'),
(61, 'juanitaPass', '04246667788', '2024-03-16', 'juanita.soto@email.com', 'Juanita', 'Soto', '1982-12-05', '66778899'),
(62, 'felipeSecure', '04168889900', '2024-03-17', 'felipe.cruz@email.com', 'Felipe', 'Cruz', '1996-04-11', '88990011'),
(63, 'sofiaLogin2', '04120001122', '2024-03-18', 'sofia.paredes@email.com', 'Sofía', 'Paredes', '1980-06-16', '00112233'),
(64, 'pabloKey', '04262223344', '2024-03-19', 'pablo.rivera@email.com', 'Pablo', 'Rivera', '1998-10-03', '22334455'),
(65, 'ferAccess', '04144445566', '2024-03-20', 'fernanda.delgado@email.com', 'Fernanda', 'Delgado', '1985-01-29', '44556677'),
(66, 'rodrigoLogin', '04126667788', '2024-03-21', 'rodrigo.herrera@email.com', 'Rodrigo', 'Herrera', '1991-07-13', '66778899'),
(67, 'maitePass', '04248889900', '2024-03-22', 'maite.flores@email.com', 'Maite', 'Flores', '1987-03-08', '88990011'),
(68, 'santiSecure2', '04160001122', '2024-03-23', 'santiago.guerra@email.com', 'Santiago', 'Guerra', '1994-09-02', '00112233'),
(69, 'rominaLogin', '04122223344', '2024-03-24', 'romina.sierra@email.com', 'Romina', 'Sierra', '1983-05-17', '22334455'),
(70, 'andresKey2', '04264445566', '2024-03-25', 'andres.leon@email.com', 'Andrés', 'León', '1999-11-26', '44556677'),
(71, 'paulaAccess', '04146667788', '2024-03-26', 'paula.mendoza@email.com', 'Paula', 'Mendoza', '1980-04-05', '66778899'),
(72, 'diegoLogin2', '04128889900', '2024-03-27', 'diego.paz@email.com', 'Diego', 'Paz', '1992-10-10', '88990011'),
(73, 'carlotaPass', '04240001122', '2024-03-28', 'carlota.vega@email.com', 'Carlota', 'Vega', '1988-02-02', '00112233'),
(74, 'manuelSecure', '04162223344', '2024-03-29', 'manuel.costa@email.com', 'Manuel', 'Costa', '1995-08-21', '22334455'),
(75, 'lucianaLogin', '04124445566', '2024-03-30', 'luciana.romero@email.com', 'Luciana', 'Romero', '1984-06-03', '44556677'),
(76, 'javierKey2', '04266667788', '2024-03-31', 'javier.blanco@email.com', 'Javier', 'Blanco', '1997-12-19', '66778899'),
(77, 'juanaAccess2', '04148889900', '2024-04-01', 'juana.salas@email.com', 'Juana', 'Salas', '1981-02-14', '88990011'),
(78, 'alejandroLogin2', '04120001122', '2024-04-02', 'alejandro.caceres@email.com', 'Alejandro', 'Cáceres', '1993-08-06', '00112233'),
(79, 'valeriaPass2', '04242223344', '2024-04-03', 'valeria.soto@email.com', 'Valeria', 'Soto', '1982-05-28', '22334455'),
(80, 'danielSecure2', '04164445566', '2024-04-04', 'daniel.molina@email.com', 'Daniel', 'Molina', '1996-01-01', '44556677'),
(81, 'gabrielaLogin2', '04126667788', '2024-04-05', 'gabriela.herrera@email.com', 'Gabriela', 'Herrera', '1980-07-20', '66778899'),
(82, 'ricardoKey2', '04268889900', '2024-04-06', 'ricardo.gomez@email.com', 'Ricardo', 'Gómez', '1998-03-05', '88990011'),
(83, 'emilyAccess2', '04140001122', '2024-04-07', 'emily.ruiz@email.com', 'Emily', 'Ruiz', '1985-09-11', '00112233'),
(84, 'andresLogin3', '04122223344', '2024-04-08', 'andres.fernandez@email.com', 'Andrés', 'Fernández', '1991-05-07', '22334455'),
(85, 'nataliaPass2', '04244445566', '2024-04-09', 'natalia.diaz@email.com', 'Natalia', 'Díaz', '1987-11-16', '44556677'),
(86, 'sergioSecure2', '04166667788', '2024-04-10', 'sergio.rodriguez@email.com', 'Sergio', 'Rodríguez', '1994-07-29', '66778899'),
(87, 'camilaLogin2', '04128889900', '2024-04-11', 'camila.lopez@email.com', 'Camila', 'López', '1983-01-04', '88990011'),
(88, 'eduardoKey2', '04260001122', '2024-04-12', 'eduardo.sanchez@email.com', 'Eduardo', 'Sánchez', '1999-06-22', '00112233'),
(89, 'victoriaAccess2', '04142223344', '2024-04-13', 'victoria.gonzalez@email.com', 'Victoria', 'González', '1980-12-09', '22334455'),
(90, 'francoLogin2', '04124445566', '2024-04-14', 'franco.martinez@email.com', 'Franco', 'Martínez', '1992-04-13', '44556677'),
(91, 'isabellaPass2', '04246667788', '2024-04-15', 'isabella.ramirez@email.com', 'Isabella', 'Ramírez', '1988-08-08', '66778899'),
(92, 'ignacioSecure2', '04168889900', '2024-04-16', 'ignacio.torres@email.com', 'Ignacio', 'Torres', '1995-02-23', '88990011'),
(93, 'ximenaLogin2', '04120001122', '2024-04-17', 'ximena.jimenez@email.com', 'Ximena', 'Jiménez', '1984-10-15', '00112233'),
(94, 'nicolasKey2', '04262223344', '2024-04-18', 'nicolas.moreno@email.com', 'Nicolás', 'Moreno', '1997-04-30', '22334455'),
(95, 'valentinaAccess2', '04144445566', '2024-04-19', 'valentina.ruiz@email.com', 'Valentina', 'Ruiz', '1981-06-25', '44556677'),
(96, 'joaquinLogin2', '04126667788', '2024-04-20', 'joaquin.castro@email.com', 'Joaquín', 'Castro', '1993-12-10', '66778899'),
(97, 'renataPass2', '04248889900', '2024-04-21', 'renata.ortiz@email.com', 'Renata', 'Ortiz', '1982-03-07', '88990011'),
(98, 'facundoSecure2', '04160001122', '2024-04-22', 'facundo.silva@email.com', 'Facundo', 'Silva', '1996-09-17', '00112233'),
(99, 'antonellaLogin2', '04122223344', '2024-04-23', 'antonella.guerrero@email.com', 'Antonella', 'Guerrero', '1980-05-12', '22334455'),
(100, 'benjaminKey2', '04264445566', '2024-04-24', 'benjamin.vargas@email.com', 'Benjamín', 'Vargas', '1998-01-28', '44556677');


-- DIRECCION 120 /// REDUCIRR VER MAS ADELATE 
INSERT INTO Direccion (id, codigo_postal, calle, municipio, alias, nombre_edif) VALUES
(1, '1010', 'Calle Las Palmas 123', 'Chacao', 'Casa Principal', 'Edificio Central'),
(2, '1010', 'Avenida Libertador, Res. Sol', 'Chacao', 'Apartamento', 'Residencias Sol'),
(3, '1050', 'Calle Real de Sabana Grande', 'Libertador', 'Oficina', 'Torre Gran Sabana'),
(4, '1050', 'Av. Francisco Miranda, Qta. Flor', 'Libertador', 'Trabajo', 'Quinta La Florida'),
(5, '1060', 'Calle Elice, Centro Comercial', 'Sucre', 'Local', 'CC Millenium'),
(6, '1060', 'Calle Sucre, Urb. Los Chaguaramos', 'Sucre', 'Hogar', 'Res. Los Olivos'),
(7, '1070', 'Av. Rómulo Gallegos, Loc. 5', 'Baruta', 'Tienda', 'Centro Comercial El Cafetal'),
(8, '1070', 'Calle Madrid, Qta. La Rosaleda', 'Baruta', 'Familiar', 'Quinta La Rosaleda'),
(9, '1080', 'Av. Principal de Las Mercedes', 'El Hatillo', 'Negocio', 'Torre Mercantil'),
(10, '1080', 'Calle Bolivar, Pueblo El Hatillo', 'El Hatillo', 'Casa Campo', 'Casa colonial'),
(11, '1090', 'Calle Vista Alegre, Urb. Las Aves', 'Chacao', 'Apartamento Secundario', 'Res. Los Pájaros'),
(12, '1010', 'Calle Los Samanes, Edif. Apto 3A', 'Chacao', 'Casa', 'Residencias Los Samanes'),
(13, '1050', 'Av. Las Fuentes, Centro Emp.', 'Libertador', 'Oficina Principal', 'Centro Empresarial Los Caobos'),
(14, '1060', 'Calle 10, Qta. Esmeralda', 'Sucre', 'Hogar Temporal', 'Quinta Esmeralda'),
(15, '1070', 'Av. Principal de Macaracuay, Sec. 2', 'Baruta', 'Casa de Playa', 'Res. Costa del Sol'),
(16, '1080', 'Calle Comercio, Urb. La Lagunita', 'El Hatillo', 'Consultorio', 'Edificio La Alhambra'),
(17, '1090', 'Av. San Juan Bosco, Torre B', 'Chacao', 'Consultorio Médico', 'Torre Altamira'),
(18, '1010', 'Calle Miranda, Res. Bella Vista', 'Chacao', 'Apartamento Adicional', 'Res. Bella Vista'),
(19, '1050', 'Calle El Parque, Qta. El Sol', 'Libertador', 'Casa de Verano', 'Quinta El Sol'),
(20, '1060', 'Av. Francisco de Miranda, Edif. L', 'Sucre', 'Local Comercial', 'Edificio Miranda'),
(21, '1070', 'Calle Los Mangos, Urb. Palo Alto', 'Baruta', 'Hogar de Familia', 'Res. Palo Alto'),
(22, '1080', 'Av. Sur 15, Qta. Cumbres', 'El Hatillo', 'Oficina Personal', 'Quinta Las Cumbres'),
(23, '1090', 'Calle Carabobo, Conj. Residencial', 'Chacao', 'Apartamento Amigo', 'Conjunto Residencial Libertador'),
(24, '1010', 'Calle Venezuela, Res. La Paz', 'Chacao', 'Casa de Huéspedes', 'Res. La Paz'),
(25, '1050', 'Av. Urdaneta, Edif. Banco', 'Libertador', 'Agencia Bancaria', 'Edificio Bancaribe'),
(26, '1060', 'Calle San Luis, Centro Prof.', 'Sucre', 'Consultoría', 'Centro Profesional Los Ruices'),
(27, '1070', 'Av. Ppal de Caurimare, Loc. 3', 'Baruta', 'Panadería', 'Centro Comercial Caurimare'),
(28, '1080', 'Calle Norte 2, Urb. Los Robles', 'El Hatillo', 'Casa Rural', 'Casa Los Robles'),
(29, '1090', 'Av. Eugenio Mendoza, Torre B', 'Chacao', 'Despacho', 'Torre La Castellana'),
(30, '1010', 'Calle Páez, Urb. San Marino', 'Chacao', 'Casa Adicional', 'Casa San Marino'),
(31, '1050', 'Av. Andrés Bello, Res. Guaicaipuro', 'Libertador', 'Residencia', 'Res. Guaicaipuro'),
(32, '1060', 'Calle Las Vegas, Qta. El Paraíso', 'Sucre', 'Casa de Descanso', 'Quinta El Paraíso'),
(33, '1070', 'Av. Intercomunal del Valle, C.C.', 'Baruta', 'Farmacia', 'C.C. El Valle'),
(34, '1080', 'Calle La Iglesia, Sector La Boyera', 'El Hatillo', 'Casa Campo Finca', 'Finca La Boyera'),
(35, '1090', 'Av. Don Bosco, Edif. Centro', 'Chacao', 'Estudio', 'Edificio Don Bosco'),
(36, '1010', 'Calle El Bosque, Res. Los Pinos', 'Chacao', 'Apartamento Vacacional', 'Res. Los Pinos'),
(37, '1050', 'Av. Fuerzas Armadas, Edif. X', 'Libertador', 'Archivo', 'Edificio Los Héroes'),
(38, '1060', 'Calle La Paz, Urb. Santa Rosa', 'Sucre', 'Taller', 'Taller Santa Rosa'),
(39, '1070', 'Av. El Rosario, Urb. Las Acacias', 'Baruta', 'Centro de Estética', 'Edificio Las Acacias'),
(40, '1080', 'Calle Los Naranjos, Urb. El Encanto', 'El Hatillo', 'Casa Grande', 'Casa El Encanto'),
(41, '1090', 'Av. Romulo Gallegos, Res. Y', 'Chacao', 'Apartamento Familiar', 'Res. Los Apamates'),
(42, '1010', 'Calle Colón, Edif. Z', 'Chacao', 'Oficina Secundaria', 'Edificio América'),
(43, '1050', 'Av. Norte, Edif. W', 'Libertador', 'Sede Gremial', 'Edificio Gremio'),
(44, '1060', 'Calle Los Cerezos, Qta. La Granja', 'Sucre', 'Casa Vacía', 'Quinta La Granja'),
(45, '1070', 'Av. Los Samanes, Local 1', 'Baruta', 'Floristería', 'Centro Comercial Santa Fe'),
(46, '1080', 'Calle Este, Urb. Alto Prado', 'El Hatillo', 'Apartamento de Lujo', 'Residencias Alto Prado'),
(47, '1090', 'Av. Sur, Res. Los Cocos', 'Chacao', 'Apartamento Céntrico', 'Res. Los Cocos'),
(48, '1010', 'Calle Principal, Edif. A', 'Chacao', 'Casa de Campo', 'Edificio Capital'),
(49, '1050', 'Av. Oeste, Edif. B', 'Libertador', 'Tienda de Ropa', 'Edificio Principal'),
(50, '1060', 'Calle Central, Qta. C', 'Sucre', 'Hogar de Ancianos', 'Quinta La Armonía'),
(51, '1070', 'Av. Sol, Loc. D', 'Baruta', 'Peluquería', 'Centro Comercial Sol'),
(52, '1080', 'Calle Luna, Urb. E', 'El Hatillo', 'Casa Rural Pequeña', 'Casa de Campo E'),
(53, '1090', 'Av. Estrellas, Torre F', 'Chacao', 'Estudio de Diseño', 'Torre Fénix'),
(54, '1010', 'Calle Planetas, Res. G', 'Chacao', 'Apartamento Vacaciones', 'Res. El Cosmos'),
(55, '1050', 'Av. Cometas, Edif. H', 'Libertador', 'Oficina de Abogados', 'Edificio Legal'),
(56, '1060', 'Calle Galaxias, Qta. I', 'Sucre', 'Casa de Campo Grande', 'Quinta La Vía Láctea'),
(57, '1070', 'Av. Universos, C.C. J', 'Baruta', 'Librería', 'C.C. El Saber'),
(58, '1080', 'Calle Estrellas Fugaces, Urb. K', 'El Hatillo', 'Casa Familiar', 'Casa K'),
(59, '1090', 'Av. Constelaciones, Torre L', 'Chacao', 'Consultorio Dental', 'Torre Odontológica'),
(60, '1010', 'Calle Nebulosas, Res. M', 'Chacao', 'Apartamento Alquilado', 'Res. Las Nubes'),
(61, '1050', 'Av. Asteroides, Edif. N', 'Libertador', 'Agencia de Viajes', 'Edificio Viajero'),
(62, '1060', 'Calle Satélites, Qta. O', 'Sucre', 'Casa de Reposo', 'Quinta La Calma'),
(63, '1070', 'Av. Meteoritos, C.C. P', 'Baruta', 'Óptica', 'C.C. La Vista'),
(64, '1080', 'Calle Cometas, Urb. Q', 'El Hatillo', 'Casa de Retiro', 'Casa Q'),
(65, '1090', 'Av. Vía Láctea, Torre R', 'Chacao', 'Estudio Fotográfico', 'Torre Creativa'),
(66, '1010', 'Calle Júpiter, Res. S', 'Chacao', 'Apartamento Familiar Grande', 'Res. Los Gigantes'),
(67, '1050', 'Av. Marte, Edif. T', 'Libertador', 'Imprenta', 'Edificio Gráfico'),
(68, '1060', 'Calle Venus, Qta. U', 'Sucre', 'Casa de Amigos', 'Quinta La Diosa'),
(69, '1070', 'Av. Mercurio, C.C. V', 'Baruta', 'Joyería', 'C.C. El Brillo'),
(70, '1080', 'Calle Saturno, Urb. W', 'El Hatillo', 'Casa de Campo Moderna', 'Casa W'),
(71, '1090', 'Av. Urano, Torre X', 'Chacao', 'Oficina de Diseño', 'Torre Vanguardia'),
(72, '1010', 'Calle Neptuno, Res. Y', 'Chacao', 'Apartamento de Lujo', 'Res. Neptuno'),
(73, '1050', 'Av. Plutón, Edif. Z', 'Libertador', 'Consultorio Psicológico', 'Edificio Mente'),
(74, '1060', 'Calle Tierra, Qta. AA', 'Sucre', 'Casa de Campo Rústica', 'Quinta El Edén'),
(75, '1070', 'Av. Sol, C.C. BB', 'Baruta', 'Zapatería', 'C.C. El Andar'),
(76, '1080', 'Calle Luna, Urb. CC', 'El Hatillo', 'Casa Antigua', 'Casa Colonial CC'),
(77, '1090', 'Av. Marte, Torre DD', 'Chacao', 'Galería de Arte', 'Torre Artística'),
(78, '1010', 'Calle Venus, Res. EE', 'Chacao', 'Apartamento con Vista', 'Res. El Mirador'),
(79, '1050', 'Av. Júpiter, Edif. FF', 'Libertador', 'Academia de Baile', 'Edificio Ritmo'),
(80, '1060', 'Calle Saturno, Qta. GG', 'Sucre', 'Casa de Montaña', 'Quinta El Pino'),
(81, '1070', 'Av. Urano, C.C. HH', 'Baruta', 'Peluquería Canina', 'C.C. Mascotas'),
(82, '1080', 'Calle Neptuno, Urb. II', 'El Hatillo', 'Casa con Piscina', 'Casa II'),
(83, '1090', 'Av. Plutón, Torre JJ', 'Chacao', 'Estudio de Grabación', 'Torre Sonido'),
(84, '1010', 'Calle Mercurio, Res. KK', 'Chacao', 'Apartamento Pequeño', 'Res. El Ático'),
(85, '1050', 'Av. Tierra, Edif. LL', 'Libertador', 'Agencia de Publicidad', 'Edificio Publicidad'),
(86, '1060', 'Calle Sol, Qta. MM', 'Sucre', 'Casa de Muñecas', 'Quinta Del Sueño'),
(87, '1070', 'Av. Luna, C.C. NN', 'Baruta', 'Pastelería', 'C.C. Delicias'),
(88, '1080', 'Calle Estrellas, Urb. OO', 'El Hatillo', 'Casa de Ladrillo', 'Casa OO'),
(89, '1090', 'Av. Cometas, Torre PP', 'Chacao', 'Centro de Yoga', 'Torre Bienestar'),
(90, '1010', 'Calle Galaxias, Res. QQ', 'Chacao', 'Apartamento Luminoso', 'Res. El Resplandor'),
(91, '1050', 'Av. Planetas, Edif. RR', 'Libertador', 'Gimnasio', 'Edificio Fitness'),
(92, '1060', 'Calle Universos, Qta. SS', 'Sucre', 'Casa de Artista', 'Quinta El Lienzo'),
(93, '1070', 'Av. Estrellas Fugaces, C.C. TT', 'Baruta', 'Restaurante Temático', 'C.C. El Sabor'),
(94, '1080', 'Calle Constelaciones, Urb. UU', 'El Hatillo', 'Casa con Jardín', 'Casa UU'),
(95, '1090', 'Av. Nebulosas, Torre VV', 'Chacao', 'Clínica Veterinaria', 'Torre Animal'),
(96, '1010', 'Calle Asteroides, Res. WW', 'Chacao', 'Apartamento Céntrico', 'Res. El Centro'),
(97, '1050', 'Av. Satélites, Edif. XX', 'Libertador', 'Consultorio Médico', 'Edificio Salud'),
(98, '1060', 'Calle Meteoritos, Qta. YY', 'Sucre', 'Casa con Terreno', 'Quinta El Prado'),
(99, '1070', 'Av. Vía Láctea, C.C. ZZ', 'Baruta', 'Tienda de Electrónica', 'C.C. Tecno'),
(100, '1080', 'Calle Júpiter, Urb. AAA', 'El Hatillo', 'Casa de Granja', 'Casa AAA'),
(101, '1010', 'Calle Urano, Res. BBB', 'Chacao', 'Apartamento Amplio', 'Res. Las Alturas'),
(102, '1050', 'Av. Neptuno, Edif. CCC', 'Libertador', 'Galería de Arte', 'Edificio Arte'),
(103, '1060', 'Calle Plutón, Qta. DDD', 'Sucre', 'Casa de Juegos', 'Quinta La Diversión'),
(104, '1070', 'Av. Tierra, C.C. EEE', 'Baruta', 'Cine', 'C.C. La Gran Pantalla'),
(105, '1080', 'Calle Sol, Urb. FFF', 'El Hatillo', 'Casa con Patio', 'Casa FFF'),
(106, '1090', 'Av. Luna, Torre GGG', 'Chacao', 'Estudio de Tatuajes', 'Torre Tinta'),
(107, '1010', 'Calle Marte, Res. HHH', 'Chacao', 'Apartamento de Diseño', 'Res. Modernista'),
(108, '1050', 'Av. Venus, Edif. III', 'Libertador', 'Tienda de Café', 'Edificio Cafeína'),
(109, '1060', 'Calle Mercurio, Qta. JJJ', 'Sucre', 'Casa de Campo Lujosa', 'Quinta El Roble'),
(110, '1070', 'Av. Saturno, C.C. KKK', 'Baruta', 'Discoteca', 'C.C. El Ritmo'),
(111, '1080', 'Calle Urano, Urb. LLL', 'El Hatillo', 'Casa con Mirador', 'Casa LLL'),
(112, '1090', 'Av. Neptuno, Torre MMM', 'Chacao', 'Consultorio Psiquiátrico', 'Torre Calma'),
(113, '1010', 'Calle Plutón, Res. NNN', 'Chacao', 'Apartamento Cerca del Parque', 'Res. El Parque'),
(114, '1050', 'Av. Tierra, Edif. OOO', 'Libertador', 'Salón de Eventos', 'Edificio Celebración'),
(115, '1060', 'Calle Sol, Qta. PPP', 'Sucre', 'Casa con Terraza', 'Quinta Solarium'),
(116, '1070', 'Av. Luna, C.C. QQQ', 'Baruta', 'Gimnasio de Artes Marciales', 'C.C. El Dojo'),
(117, '1080', 'Calle Marte, Urb. RRR', 'El Hatillo', 'Casa Minimalista', 'Casa RRR'),
(118, '1090', 'Av. Venus, Torre SSS', 'Chacao', 'Estudio de Arquitectura', 'Torre Diseño'),
(119, '1010', 'Calle Mercurio, Res. TTT', 'Chacao', 'Apartamento de Inversión', 'Res. El Retorno'),
(120, '1050', 'Av. Saturno, Edif. UUU', 'Libertador', 'Centro de Spa', 'Edificio Bienestar');

-- RELACIONN CLENTE DIRECCION 
INSERT INTO DireccionCliente (idCliente, idDireccion) VALUES
(1, 1), (2, 2), (3, 3), (4, 4), (5, 5),
(6, 6), (7, 7), (8, 8), (9, 9), (10, 10),
(11, 11), (12, 12), (13, 13), (14, 14), (15, 15),
(16, 16), (17, 17), (18, 18), (19, 19), (20, 20),
(21, 21), (22, 22), (23, 23), (24, 24), (25, 25),
(26, 26), (27, 27), (28, 28), (29, 29), (30, 30),
(31, 31), (32, 32), (33, 33), (34, 34), (35, 35),
(36, 36), (37, 37), (38, 38), (39, 39), (40, 40),
(41, 41), (42, 42), (43, 43), (44, 44), (45, 45),
(46, 46), (47, 47), (48, 48), (49, 49), (50, 50),
(51, 51), (52, 52), (53, 53), (54, 54), (55, 55),
(56, 56), (57, 57), (58, 58), (59, 59), (60, 60),
(61, 61), (62, 62), (63, 63), (64, 64), (65, 65),
(66, 66), (67, 67), (68, 68), (69, 69), (70, 70),
(71, 71), (72, 72), (73, 73), (74, 74), (75, 75),
(76, 76), (77, 77), (78, 78), (79, 79), (80, 80),
(81, 81), (81, 82), -- Cliente 81 con 2 direcciones
(82, 83), (82, 84), -- Cliente 82 con 2 direcciones
(83, 85), (83, 86),
(84, 87), (84, 88),
(85, 89), (85, 90),
(86, 91), (86, 92),
(87, 93), (87, 94),
(88, 95), (88, 96),
(89, 97), (89, 98),
(90, 99), (90, 100),
(91, 101), (91, 102),
(92, 103), (92, 104),
(93, 105), (93, 106),
(94, 107), (94, 108),
(95, 109), (95, 110),
(96, 111), (96, 112),
(97, 113), (97, 114),
(98, 115), (98, 116),
(99, 117), (99, 118),
(100, 119), (100, 120);


-- REPARTIDOR 2O 
INSERT INTO Repartidor (id, password, telefono, fecha_registro, correo, nombre, apellido, fecha_nac, nro_documento, detalle_vehiculo, estado) VALUES
(1, 'repPwd01', '04123000001', '2023-01-10', 'repartidor1@email.com', 'Marco', 'Polo', '1990-03-15', '10000001', 'Moto, Placa: AB123CD', 'Activo'),
(2, 'repPwd02', '04143000002', '2023-02-20', 'repartidor2@email.com', 'Luisa', 'Márquez', '1988-07-22', '10000002', 'Automóvil, Placa: FG456HI', 'Activo'),
(3, 'repPwd03', '04263000003', '2023-03-05', 'repartidor3@email.com', 'Jorge', 'Bravo', '1992-01-01', '10000003', 'Bicicleta', 'Activo'),
(4, 'repPwd04', '04163000004', '2023-04-12', 'repartidor4@email.com', 'Carmen', 'Salas', '1985-09-30', '10000004', 'Moto, Placa: JK789LM', 'Inactivo'),
(5, 'repPwd05', '04123000005', '2023-05-18', 'repartidor5@email.com', 'Ricardo', 'Vidal', '1993-04-25', '10000005', 'Automóvil, Placa: NO012PQ', 'Activo'),
(6, 'repPwd06', '04243000006', '2023-06-25', 'repartidor6@email.com', 'Elena', 'Guédez', '1987-11-11', '10000006', 'Moto, Placa: RS345TU', 'Activo'),
(7, 'repPwd07', '04143000007', '2023-07-01', 'repartidor7@email.com', 'David', 'Castro', '1991-02-08', '10000007', 'Bicicleta', 'Inactivo'),
(8, 'repPwd08', '04163000008', '2023-08-09', 'repartidor8@email.com', 'Andrea', 'Rojas', '1990-06-03', '10000008', 'Automóvil, Placa: VW678XY', 'Activo'),
(9, 'repPwd09', '04123000009', '2023-09-14', 'repartidor9@email.com', 'Felipe', 'León', '1986-12-19', '10000009', 'Moto, Placa: ZA901BC', 'Activo'),
(10, 'repPwd10', '04263000010', '2023-10-21', 'repartidor10@email.com', 'Gabriela', 'Pinto', '1994-08-01', '10000010', 'Automóvil, Placa: DE234FG', 'Activo'),
(11, 'repPwd11', '04143000011', '2023-11-03', 'repartidor11@email.com', 'Hector', 'Vega', '1989-05-07', '10000011', 'Bicicleta', 'Activo'),
(12, 'repPwd12', '04123000012', '2023-12-08', 'repartidor12@email.com', 'Isabel', 'Páez', '1996-01-28', '10000012', 'Moto, Placa: HI567JK', 'Inactivo'),
(13, 'repPwd13', '04243000013', '2024-01-15', 'repartidor13@email.com', 'Juan', 'Gil', '1984-09-02', '10000013', 'Automóvil, Placa: LM890NO', 'Activo'),
(14, 'repPwd14', '04163000014', '2024-02-29', 'repartidor14@email.com', 'Kevin', 'Landa', '1997-03-10', '10000014', 'Moto, Placa: PQ123RS', 'Activo'),
(15, 'repPwd15', '04123000015', '2024-03-17', 'repartidor15@email.com', 'Lorena', 'Sosa', '1983-10-06', '10000015', 'Bicicleta', 'Activo'),
(16, 'repPwd16', '04263000016', '2024-04-20', 'repartidor16@email.com', 'Manuel', 'Ortega', '1998-04-14', '10000016', 'Automóvil, Placa: TU456VW', 'Activo'),
(17, 'repPwd17', '04143000017', '2024-05-05', 'repartidor17@email.com', 'Nicole', 'Blanco', '1982-11-23', '10000017', 'Moto, Placa: XY789ZA', 'Inactivo'),
(18, 'repPwd18', '04123000018', '2024-06-11', 'repartidor18@email.com', 'Oscar', 'Méndez', '1995-06-01', '10000018', 'Bicicleta', 'Activo'),
(19, 'repPwd19', '04243000019', '2024-06-30', 'repartidor19@email.com', 'Pamela', 'Navas', '1981-08-16', '10000019', 'Automóvil, Placa: BC012DE', 'Activo'),
(20, 'repPwd20', '04163000020', '2024-07-10', 'repartidor20@email.com', 'Quique', 'Ríos', '1999-02-04', '10000020', 'Moto, Placa: FG345HI', 'Activo');


-- PEDIDO 150
-- Pedidos generados en los últimos 2 años, variando cantidad_items, costo_envio, nota, total y tiempo_entrega.
INSERT INTO Pedido (id, cantidad_items, costo_envio, nota, tiempo_entrega, total) VALUES
(1, 3, 2.50, 'Sin cebolla, por favor.', 30.50, 25.50),
(2, 2, 3.00, 'Extra picante.', 25.00, 32.00),
(3, 5, 2.00, 'Sin uñas esta vez', 45.75, 50.75),
(4, 1, 1.50, 'Para llevar.', 20.00, 15.00),
(5, 4, 2.75, 'Con aderezo aparte.', 38.20, 40.20),
(6, 2, 2.00, 'Vegano.', 27.00, 28.00),
(7, 3, 2.50, 'Sin gluten.', 33.50, 35.50),
(8, 1, 1.50, 'Solo efectivo.', 18.00, 12.00),
(9, 6, 3.50, 'Para evento.', 55.00, 65.00),
(10, 2, 2.00, 'Con extra queso.', 22.50, 22.50),
(11, 3, 2.50, 'Caliente, por favor.', 29.00, 30.00),
(12, 4, 3.00, 'Preparado por teresa ;)', 40.00, 45.00),
(13, 1, 1.50, 'Entrega rápida.', 19.00, 18.00),
(14, 5, 3.25, 'Para cumpleaños.', 48.00, 55.00),
(15, 2, 2.00, 'Sin sal.', 21.00, 20.00),
(16, 3, 2.50, 'Con cubiertos.', 26.50, 27.50),
(17, 4, 3.00, 'Empaquetado individual.', 42.00, 48.00),
(18, 1, 1.50, 'Solo bebidas.', 16.00, 10.00),
(19, 6, 4.00, 'Para oficina.', 60.00, 70.00),
(20, 2, 2.00, 'Con mayonesa extra.', 23.00, 24.00),
(21, 3, 2.50, 'Sin ajo.', 30.00, 31.00),
(22, 5, 3.00, 'Para niños.', 47.00, 52.00),
(23, 1, 1.50, 'Pedido urgente.', 17.00, 16.00),
(24, 4, 2.75, 'Con salsas variadas.', 39.00, 42.00),
(25, 2, 2.00, 'Vegetariano.', 25.00, 26.00),
(26, 3, 2.50, 'Sin picante.', 31.00, 33.00),
(27, 1, 1.50, 'Dejar en conserjería.', 19.00, 14.00),
(28, 6, 3.50, 'Gran cantidad.', 58.00, 68.00),
(29, 2, 2.00, 'Con mucho hielo.', 22.00, 23.00),
(30, 3, 2.50, 'Para la cena.', 28.00, 29.00),
(31, 4, 3.00, 'Desayuno.', 35.00, 40.00),
(32, 1, 1.50, 'Solo café.', 15.00, 8.00),
(33, 5, 3.25, 'Reunión.', 50.00, 58.00),
(34, 2, 2.00, 'Postre.', 19.00, 18.50),
(35, 3, 2.50, 'Almuerzo.', 32.00, 34.00),
(36, 4, 3.00, 'Para dos personas.', 40.00, 46.00),
(37, 1, 1.50, 'Solo agua.', 10.00, 5.00),
(38, 6, 4.00, 'Fiesta.', 65.00, 75.00),
(39, 2, 2.00, 'Bebidas surtidas.', 20.00, 21.00),
(40, 3, 2.50, 'Con extra aguacate.', 34.00, 36.00),
(41, 5, 3.00, 'Sin aderezos.', 45.00, 50.00),
(42, 1, 1.50, 'Pagar con tarjeta.', 20.00, 17.00),
(43, 4, 2.75, 'Para compartir.', 38.00, 43.00),
(44, 2, 2.00, 'Sin queso.', 26.00, 27.00),
(45, 3, 2.50, 'Con miel.', 29.00, 30.50),
(46, 1, 1.50, 'Entrega en 30 min.', 30.00, 13.00),
(47, 6, 3.50, 'Pedido grande.', 55.00, 62.00),
(48, 2, 2.00, 'Con crema.', 24.00, 25.00),
(49, 3, 2.50, 'Sin pan.', 31.00, 32.50),
(50, 4, 3.00, 'Para la noche.', 42.00, 47.00),
(51, 1, 1.50, 'Con propina.', 20.00, 19.00),
(52, 5, 3.25, 'Para la tarde.', 48.00, 53.00),
(53, 2, 2.00, 'Sin azúcar.', 21.00, 22.00),
(54, 3, 2.50, 'Con limón.', 27.00, 28.50),
(55, 4, 3.00, 'Para el mediodía.', 39.00, 44.00),
(56, 1, 1.50, 'Entrega programada.', 22.00, 11.00),
(57, 6, 4.00, 'Con muchas servilletas.', 62.00, 72.00),
(58, 2, 2.00, 'Extra carne.', 28.00, 29.50),
(59, 3, 2.50, 'Sin especias.', 35.00, 37.00),
(60, 5, 3.00, 'Para la playa.', 50.00, 56.00),
(61, 1, 1.50, 'Llamar al llegar.', 20.00, 15.50),
(62, 4, 2.75, 'Con extra de arroz.', 37.00, 41.00),
(63, 2, 2.00, 'Sin lactosa.', 24.00, 25.00),
(64, 3, 2.50, 'Con hielo picado.', 30.00, 31.50),
(65, 1, 1.50, 'Recoger en local.', 15.00, 9.00),
(66, 6, 3.50, 'Para desayuno de equipo.', 50.00, 60.00),
(67, 2, 2.00, 'Con salsa tártara.', 20.00, 20.50),
(68, 3, 2.50, 'Sin tomate.', 32.00, 34.50),
(69, 5, 3.00, 'Para llevar urgente.', 46.00, 51.50),
(70, 1, 1.50, 'Pedido cancelado.', 10.00, 7.00),
(71, 4, 2.75, 'Con pan tostado.', 35.00, 39.50),
(72, 2, 2.00, 'Sin empaquetar.', 27.00, 28.00),
(73, 3, 2.50, 'Para el parque.', 31.00, 33.50),
(74, 1, 1.50, 'Solo efectivo.', 18.00, 12.50),
(75, 6, 3.50, 'Catering pequeño.', 57.00, 67.00),
(76, 2, 2.00, 'Con crema batida.', 23.00, 24.50),
(77, 3, 2.50, 'Sin carne.', 28.00, 30.00),
(78, 5, 3.00, 'Para la oficina.', 49.00, 55.50),
(79, 1, 1.50, 'Entrega en puerta.', 21.00, 16.50),
(80, 4, 2.75, 'Con vegetales extra.', 40.00, 45.00),
(81, 2, 2.00, 'Vegano sin gluten.', 29.00, 30.00),
(82, 3, 2.50, 'Sin condimentos.', 28.00, 29.00),
(83, 1, 1.50, 'Entrega en 1 hora.', 45.00, 14.50),
(84, 6, 3.50, 'Pedido de emergencia.', 60.00, 70.50),
(85, 2, 2.00, 'Con mermelada.', 22.00, 23.50),
(86, 3, 2.50, 'Sin frijoles.', 30.00, 31.00),
(87, 5, 3.00, 'Para el fin de semana.', 52.00, 58.50),
(88, 1, 1.50, 'Solo para mí.', 16.00, 10.50),
(89, 4, 2.75, 'Con salsa agridulce.', 37.00, 40.00),
(90, 2, 2.00, 'Sin pepinillos.', 25.00, 26.50),
(91, 3, 2.50, 'Con piña.', 33.00, 35.00),
(92, 1, 1.50, 'Llevar bebida.', 15.00, 8.50),
(93, 6, 4.00, 'Para celebrar.', 59.00, 69.50),
(94, 2, 2.00, 'Con extra salsa.', 26.00, 27.50),
(95, 3, 2.50, 'Sin huevo.', 30.00, 32.00),
(96, 5, 3.00, 'Para sorpresa.', 45.00, 50.50),
(97, 1, 1.50, 'Con tarjeta de crédito.', 20.00, 18.50),
(98, 4, 2.75, 'Para amigos.', 39.00, 42.50),
(99, 2, 2.00, 'Sin cebolla cruda.', 24.00, 25.50),
(100, 3, 2.50, 'Con patatas fritas.', 31.00, 33.00),
(101, 1, 1.50, 'Recoger en 10 min.', 10.00, 11.50),
(102, 6, 3.50, 'Para la familia.', 55.00, 65.50),
(103, 2, 2.00, 'Con aderezo ranch.', 20.00, 21.50),
(104, 3, 2.50, 'Sin mayonesa.', 28.00, 29.50),
(105, 5, 3.00, 'Para un grupo.', 48.00, 54.00),
(106, 1, 1.50, 'Entrega en la tarde.', 35.00, 17.50),
(107, 4, 2.75, 'Con jalapeños.', 43.00, 48.50),
(108, 2, 2.00, 'Vegetariano estricto.', 26.00, 27.50),
(109, 3, 2.50, 'Con ketchup.', 29.00, 31.00),
(110, 1, 1.50, 'Dejar en garita.', 20.00, 13.50),
(111, 6, 3.50, 'Para la fiesta infantil.', 50.00, 60.50),
(112, 2, 2.00, 'Con azúcar morena.', 23.00, 24.00),
(113, 3, 2.50, 'Sin champiñones.', 28.00, 30.00),
(114, 5, 3.00, 'Para el partido.', 47.00, 52.50),
(115, 1, 1.50, 'Pago móvil.', 15.00, 10.00),
(116, 4, 2.75, 'Con mucho pan.', 38.00, 41.50),
(117, 2, 2.00, 'Sin maíz.', 25.00, 26.00),
(118, 3, 2.50, 'Con salsa picante.', 32.00, 34.00),
(119, 1, 1.50, 'Urgente.', 18.00, 15.00),
(120, 6, 4.00, 'Cena de trabajo.', 63.00, 73.00),
(121, 2, 2.00, 'Extra chocolate.', 27.00, 28.00),
(122, 3, 2.50, 'Sin lechuga.', 31.00, 32.50),
(123, 5, 3.00, 'Para llevar rápido.', 46.00, 51.00),
(124, 1, 1.50, 'Con factura fiscal.', 19.00, 16.00),
(125, 4, 2.75, 'Para el desayuno de mañana.', 40.00, 45.50),
(126, 2, 2.00, 'Sin aderezo.', 22.00, 23.00),
(127, 3, 2.50, 'Con arroz integral.', 34.00, 36.50),
(128, 1, 1.50, 'Llamar antes de llegar.', 17.00, 12.00),
(129, 6, 3.50, 'Para el equipo.', 58.00, 68.50),
(130, 2, 2.00, 'Con poco sodio.', 19.00, 20.00),
(131, 3, 2.50, 'Sin frijoles negros.', 29.00, 30.50),
(132, 5, 3.00, 'Para el evento familiar.', 50.00, 57.00),
(133, 1, 1.50, 'Con servilletas de más.', 15.00, 9.50),
(134, 4, 2.75, 'Para la merienda.', 36.00, 39.00),
(135, 2, 2.00, 'Sin gluten y lácteos.', 28.00, 29.00),
(136, 3, 2.50, 'Con doble queso.', 32.00, 33.50),
(137, 1, 1.50, 'Entrega discreta.', 19.00, 14.00),
(138, 6, 4.00, 'Cena navideña.', 65.00, 75.50),
(139, 2, 2.00, 'Con cebolla caramelizada.', 25.00, 26.00),
(140, 3, 2.50, 'Sin salsas.', 30.00, 31.50),
(141, 5, 3.00, 'Para la reunión de amigos.', 45.00, 50.00),
(142, 1, 1.50, 'Con recibo.', 20.00, 17.00),
(143, 4, 2.75, 'Para el postre.', 37.00, 40.00),
(144, 2, 2.00, 'Sin pan de trigo.', 27.00, 28.50),
(145, 3, 2.50, 'Con extra de carne.', 35.00, 37.50),
(146, 1, 1.50, 'Entrega en 45 min.', 45.00, 13.00),
(147, 6, 3.50, 'Para el almuerzo del domingo.', 55.00, 62.50),
(148, 2, 2.00, 'Con extra de vegetales.', 24.00, 25.00),
(149, 3, 2.50, 'Sin maní.', 29.00, 30.00),
(150, 5, 3.00, 'Para la cena de gala.', 52.00, 59.00);


-- RELACIONN CLIENTE PEDIDO 
-- Enlaza clientes con pedidos, distribuyendo las fechas en los últimos dos años (desde mediados de 2023 hasta la fecha actual).
INSERT INTO ClientePedido (idCliente, idPedido, fecha) VALUES
(1, 1, '2023-07-01'), (2, 2, '2023-07-02'), (3, 3, '2023-07-03'), (4, 4, '2023-07-04'), (5, 5, '2023-07-05'),
(6, 6, '2023-07-06'), (7, 7, '2023-07-07'), (8, 8, '2023-07-08'), (9, 9, '2023-07-09'), (10, 10, '2023-07-10'),
(11, 11, '2023-07-11'), (12, 12, '2023-07-12'), (13, 13, '2023-07-13'), (14, 14, '2023-07-14'), (15, 15, '2023-07-15'),
(16, 16, '2023-07-16'), (17, 17, '2023-07-17'), (18, 18, '2023-07-18'), (19, 19, '2023-07-19'), (20, 20, '2023-07-20'),
(21, 21, '2023-08-01'), (22, 22, '2023-08-02'), (23, 23, '2023-08-03'), (24, 24, '2023-08-04'), (25, 25, '2023-08-05'),
(26, 26, '2023-08-06'), (27, 27, '2023-08-07'), (28, 28, '2023-08-08'), (29, 29, '2023-08-09'), (30, 30, '2023-08-10'),
(31, 31, '2023-09-01'), (32, 32, '2023-09-02'), (33, 33, '2023-09-03'), (34, 34, '2023-09-04'), (35, 35, '2023-09-05'),
(36, 36, '2023-09-06'), (37, 37, '2023-09-07'), (38, 38, '2023-09-08'), (39, 39, '2023-09-09'), (40, 40, '2023-09-10'),
(41, 41, '2023-10-01'), (42, 42, '2023-10-02'), (43, 43, '2023-10-03'), (44, 44, '2023-10-04'), (45, 45, '2023-10-05'),
(46, 46, '2023-10-06'), (47, 47, '2023-10-07'), (48, 48, '2023-10-08'), (49, 49, '2023-10-09'), (50, 50, '2023-10-10'),
(51, 51, '2023-11-01'), (52, 52, '2023-11-02'), (53, 53, '2023-11-03'), (54, 54, '2023-11-04'), (55, 55, '2023-11-05'),
(56, 56, '2023-11-06'), (57, 57, '2023-11-07'), (58, 58, '2023-11-08'), (59, 59, '2023-11-09'), (60, 60, '2023-11-10'),
(61, 61, '2023-12-01'), (62, 62, '2023-12-02'), (63, 63, '2023-12-03'), (64, 64, '2023-12-04'), (65, 65, '2023-12-05'),
(66, 66, '2023-12-06'), (67, 67, '2023-12-07'), (68, 68, '2023-12-08'), (69, 69, '2023-12-09'), (70, 70, '2023-12-10'),
(71, 71, '2024-01-01'), (72, 72, '2024-01-02'), (73, 73, '2024-01-03'), (74, 74, '2024-01-04'), (75, 75, '2024-01-05'),
(76, 76, '2024-01-06'), (77, 77, '2024-01-07'), (78, 78, '2024-01-08'), (79, 79, '2024-01-09'), (80, 80, '2024-01-10'),
(81, 81, '2024-02-01'), (82, 82, '2024-02-02'), (83, 83, '2024-02-03'), (84, 84, '2024-02-04'), (85, 85, '2024-02-05'),
(86, 86, '2024-02-06'), (87, 87, '2024-02-07'), (88, 88, '2024-02-08'), (89, 89, '2024-02-09'), (90, 90, '2024-02-10'),
(91, 91, '2024-03-01'), (92, 92, '2024-03-02'), (93, 93, '2024-03-03'), (94, 94, '2024-03-04'), (95, 95, '2024-03-05'),
(96, 96, '2024-03-06'), (97, 97, '2024-03-07'), (98, 98, '2024-03-08'), (99, 99, '2024-03-09'), (100, 100, '2024-03-10'),
(1, 101, '2024-04-01'), (2, 102, '2024-04-02'), (3, 103, '2024-04-03'), (4, 104, '2024-04-04'), (5, 105, '2024-04-05'),
(6, 106, '2024-04-06'), (7, 107, '2024-04-07'), (8, 108, '2024-04-08'), (9, 109, '2024-04-09'), (10, 110, '2024-04-10'),
(11, 111, '2024-05-01'), (12, 112, '2024-05-02'), (13, 113, '2024-05-03'), (14, 114, '2024-05-04'), (15, 115, '2024-05-05'),
(16, 116, '2024-05-06'), (17, 117, '2024-05-07'), (18, 118, '2024-05-08'), (19, 119, '2024-05-09'), (20, 120, '2024-05-10'),
(21, 121, '2024-06-01'), (22, 122, '2024-06-02'), (23, 123, '2024-06-03'), (24, 124, '2024-06-04'), (25, 125, '2024-06-05'),
(26, 126, '2024-06-06'), (27, 127, '2024-06-07'), (28, 128, '2024-06-08'), (29, 129, '2024-06-09'), (30, 130, '2024-06-10'),
(31, 131, '2024-06-11'), (32, 132, '2024-06-12'), (33, 133, '2024-06-13'), (34, 134, '2024-06-14'), (35, 135, '2024-06-15'),
(36, 136, '2024-06-16'), (37, 137, '2024-06-17'), (38, 138, '2024-06-18'), (39, 139, '2024-06-19'), (40, 140, '2024-06-20'),
(41, 141, '2024-06-21'), (42, 142, '2024-06-22'), (43, 143, '2024-06-23'), (44, 144, '2024-06-24'), (45, 145, '2024-06-25'),
(46, 146, '2024-07-01'), (47, 147, '2024-07-02'), (48, 148, '2024-07-03'), (49, 149, '2024-07-04'), (50, 150, '2024-07-05');



-- RELACION PEDIDO ESTADO PEDIDO 150 
INSERT INTO PedidoEstadoPedido (idPedido, idEstadoPedido, fecha_inicio) VALUES
(1, 2, '2025-07-15 09:00:00'),
(2, 3, '2025-07-15 09:05:00'),
(3, 1, '2025-07-15 08:55:00'),
(4, 4, '2025-07-15 09:10:00'),
(5, 5, '2025-07-15 09:15:00'),
(6, 6, '2025-07-15 09:30:00'),
(7, 7, '2025-07-15 09:00:00'),
(8, 8, '2025-07-15 09:20:00'),
(9, 2, '2025-07-15 09:02:00'),
(10, 3, '2025-07-15 09:07:00'),
(11, 1, '2025-07-15 08:58:00'),
(12, 4, '2025-07-15 09:12:00'),
(13, 5, '2025-07-15 09:18:00'),
(14, 6, '2025-07-15 09:35:00'),
(15, 12, '2025-07-15 09:10:00'),
(16, 11, '2025-07-15 09:05:00'),
(17, 1, '2025-07-15 08:59:00'),
(18, 2, '2025-07-15 09:03:00'),
(19, 3, '2025-07-15 09:08:00'),
(20, 4, '2025-07-15 09:13:00'),
(21, 5, '2025-07-15 09:20:00'),
(22, 6, '2025-07-15 09:40:00'),
(23, 7, '2025-07-15 09:02:00'),
(24, 8, '2025-07-15 09:25:00'),
(25, 9, '2025-07-15 09:30:00'),
(26, 10, '2025-07-15 09:45:00'),
(27, 13, '2025-07-15 09:35:00'),
(28, 14, '2025-07-15 10:00:00'),
(29, 15, '2025-07-15 09:10:00'),
(30, 1, '2025-07-15 08:57:00'),
(31, 2, '2025-07-15 09:01:00'),
(32, 3, '2025-07-15 09:06:00'),
(33, 4, '2025-07-15 09:11:00'),
(34, 5, '2025-07-15 09:16:00'),
(35, 6, '2025-07-15 09:31:00'),
(36, 7, '2025-07-15 09:01:00'),
(37, 8, '2025-07-15 09:22:00'),
(38, 9, '2025-07-15 09:32:00'),
(39, 10, '2025-07-15 09:47:00'),
(40, 12, '2025-07-15 09:15:00'),
(41, 11, '2025-07-15 09:08:00'),
(42, 1, '2025-07-15 09:00:00'),
(43, 2, '2025-07-15 09:04:00'),
(44, 3, '2025-07-15 09:09:00'),
(45, 4, '2025-07-15 09:14:00'),
(46, 5, '2025-07-15 09:19:00'),
(47, 6, '2025-07-15 09:38:00'),
(48, 7, '2025-07-15 09:03:00'),
(49, 8, '2025-07-15 09:28:00'),
(50, 9, '2025-07-15 09:35:00'),
(51, 10, '2025-07-15 09:50:00'),
(52, 13, '2025-07-15 09:38:00'),
(53, 14, '2025-07-15 10:15:00'),
(54, 15, '2025-07-15 09:12:00'),
(55, 1, '2025-07-15 08:56:00'),
(56, 2, '2025-07-15 09:00:00'),
(57, 3, '2025-07-15 09:05:00'),
(58, 4, '2025-07-15 09:10:00'),
(59, 5, '2025-07-15 09:15:00'),
(60, 6, '2025-07-15 09:30:00'),
(61, 7, '2025-07-15 08:59:00'),
(62, 8, '2025-07-15 09:21:00'),
(63, 9, '2025-07-15 09:31:00'),
(64, 10, '2025-07-15 09:46:00'),
(65, 12, '2025-07-15 09:11:00'),
(66, 11, '2025-07-15 09:06:00'),
(67, 1, '2025-07-15 09:01:00'),
(68, 2, '2025-07-15 09:05:00'),
(69, 3, '2025-07-15 09:10:00'),
(70, 4, '2025-07-15 09:15:00'),
(71, 5, '2025-07-15 09:20:00'),
(72, 6, '2025-07-15 09:36:00'),
(73, 7, '2025-07-15 09:04:00'),
(74, 8, '2025-07-15 09:26:00'),
(75, 9, '2025-07-15 09:34:00'),
(76, 10, '2025-07-15 09:49:00'),
(77, 13, '2025-07-15 09:40:00'),
(78, 14, '2025-07-15 10:30:00'),
(79, 15, '2025-07-15 09:14:00'),
(80, 1, '2025-07-15 08:58:00'),
(81, 2, '2025-07-15 09:02:00'),
(82, 3, '2025-07-15 09:07:00'),
(83, 4, '2025-07-15 09:12:00'),
(84, 5, '2025-07-15 09:17:00'),
(85, 6, '2025-07-15 09:32:00'),
(86, 7, '2025-07-15 09:06:00'),
(87, 8, '2025-07-15 09:23:00'),
(88, 9, '2025-07-15 09:33:00'),
(89, 10, '2025-07-15 09:48:00'),
(90, 12, '2025-07-15 09:16:00'),
(91, 11, '2025-07-15 09:09:00'),
(92, 1, '2025-07-15 08:55:00'),
(93, 2, '2025-07-15 09:00:00'),
(94, 3, '2025-07-15 09:05:00'),
(95, 4, '2025-07-15 09:10:00'),
(96, 5, '2025-07-15 09:15:00'),
(97, 6, '2025-07-15 09:30:00'),
(98, 7, '2025-07-15 08:58:00'),
(99, 8, '2025-07-15 09:20:00'),
(100, 9, '2025-07-15 09:25:00'),
(101, 10, '2025-07-15 09:40:00'),
(102, 13, '2025-07-15 09:30:00'),
(103, 14, '2025-07-15 09:45:00'),
(104, 15, '2025-07-15 09:05:00'),
(105, 1, '2025-07-15 08:50:00'),
(106, 2, '2025-07-15 08:55:00'),
(107, 3, '2025-07-15 09:00:00'),
(108, 4, '2025-07-15 09:05:00'),
(109, 5, '2025-07-15 09:10:00'),
(110, 6, '2025-07-15 09:25:00'),
(111, 7, '2025-07-15 08:57:00'),
(112, 8, '2025-07-15 09:18:00'),
(113, 9, '2025-07-15 09:28:00'),
(114, 10, '2025-07-15 09:43:00'),
(115, 12, '2025-07-15 09:08:00'),
(116, 11, '2025-07-15 09:02:00'),
(117, 1, '2025-07-15 08:52:00'),
(118, 2, '2025-07-15 08:57:00'),
(119, 3, '2025-07-15 09:02:00'),
(120, 4, '2025-07-15 09:07:00'),
(121, 5, '2025-07-15 09:12:00'),
(122, 6, '2025-07-15 09:27:00'),
(123, 7, '2025-07-15 09:00:00'),
(124, 8, '2025-07-15 09:22:00'),
(125, 9, '2025-07-15 09:32:00'),
(126, 10, '2025-07-15 09:47:00'),
(127, 13, '2025-07-15 09:35:00'),
(128, 14, '2025-07-15 10:00:00'),
(129, 15, '2025-07-15 09:10:00'),
(130, 1, '2025-07-15 08:48:00'),
(131, 2, '2025-07-15 08:53:00'),
(132, 3, '2025-07-15 08:58:00'),
(133, 4, '2025-07-15 09:03:00'),
(134, 5, '2025-07-15 09:08:00'),
(135, 6, '2025-07-15 09:23:00'),
(136, 7, '2025-07-15 08:55:00'),
(137, 8, '2025-07-15 09:20:00'),
(138, 9, '2025-07-15 09:30:00'),
(139, 10, '2025-07-15 09:45:00'),
(140, 12, '2025-07-15 09:05:00'),
(141, 11, '2025-07-15 08:59:00'),
(142, 1, '2025-07-15 08:45:00'),
(143, 2, '2025-07-15 08:50:00'),
(144, 3, '2025-07-15 08:55:00'),
(145, 4, '2025-07-15 09:00:00'),
(146, 5, '2025-07-15 09:05:00'),
(147, 6, '2025-07-15 09:20:00'),
(148, 7, '2025-07-15 08:52:00'),
(149, 8, '2025-07-15 09:15:00'),
(150, 9, '2025-07-15 09:25:00');







-- FACTURASS 150
INSERT INTO Factura (numero, fecha_emision, sub_total, porcentajeIva, montoIva, monto_total, idPedido) VALUES
(1001, '2023-07-01', 23.00, 16.00, 2.50, 25.50, 1),
(1002, '2023-07-02', 28.00, 16.00, 4.00, 32.00, 2),
(1003, '2023-07-03', 47.00, 16.00, 3.75, 50.75, 3),
(1004, '2023-07-04', 13.50, 16.00, 1.50, 15.00, 4),
(1005, '2023-07-05', 36.45, 16.00, 3.75, 40.20, 5),
(1006, '2023-07-06', 26.00, 16.00, 2.00, 28.00, 6),
(1007, '2023-07-07', 31.00, 16.00, 4.50, 35.50, 7),
(1008, '2023-07-08', 10.50, 16.00, 1.50, 12.00, 8),
(1009, '2023-07-09', 58.00, 16.00, 7.00, 65.00, 9),
(1010, '2023-07-10', 20.00, 16.00, 2.50, 22.50, 10),
(1011, '2023-07-11', 27.50, 16.00, 2.50, 30.00, 11),
(1012, '2023-07-12', 42.00, 16.00, 3.00, 45.00, 12),
(1013, '2023-07-13', 16.50, 16.00, 1.50, 18.00, 13),
(1014, '2023-07-14', 50.00, 16.00, 5.00, 55.00, 14),
(1015, '2023-07-15', 18.00, 16.00, 2.00, 20.00, 15),
(1016, '2023-07-16', 25.00, 16.00, 2.50, 27.50, 16),
(1017, '2023-07-17', 44.00, 16.00, 4.00, 48.00, 17),
(1018, '2023-07-18', 8.50, 16.00, 1.50, 10.00, 18),
(1019, '2023-07-19', 65.00, 16.00, 5.00, 70.00, 19),
(1020, '2023-07-20', 21.50, 16.00, 2.50, 24.00, 20),
(1021, '2023-08-01', 28.50, 16.00, 2.50, 31.00, 21),
(1022, '2023-08-02', 48.00, 16.00, 4.00, 52.00, 22),
(1023, '2023-08-03', 14.50, 16.00, 1.50, 16.00, 23),
(1024, '2023-08-04', 38.00, 16.00, 4.00, 42.00, 24),
(1025, '2023-08-05', 24.00, 16.00, 2.00, 26.00, 25),
(1026, '2023-08-06', 30.50, 16.00, 2.50, 33.00, 26),
(1027, '2023-08-07', 12.50, 16.00, 1.50, 14.00, 27),
(1028, '2023-08-08', 63.00, 16.00, 5.00, 68.00, 28),
(1029, '2023-08-09', 21.00, 16.00, 2.00, 23.00, 29),
(1030, '2023-08-10', 26.50, 16.00, 2.50, 29.00, 30),
(1031, '2023-09-01', 37.00, 16.00, 3.00, 40.00, 31),
(1032, '2023-09-02', 6.50, 16.00, 1.50, 8.00, 32),
(1033, '2023-09-03', 53.00, 16.00, 5.00, 58.00, 33),
(1034, '2023-09-04', 16.50, 16.00, 2.00, 18.50, 34),
(1035, '2023-09-05', 31.50, 16.00, 2.50, 34.00, 35),
(1036, '2023-09-06', 43.00, 16.00, 3.00, 46.00, 36),
(1037, '2023-09-07', 3.50, 16.00, 1.50, 5.00, 37),
(1038, '2023-09-08', 70.00, 16.00, 5.00, 75.00, 38),
(1039, '2023-09-09', 19.00, 16.00, 2.00, 21.00, 39),
(1040, '2023-09-10', 33.50, 16.00, 2.50, 36.00, 40),
(1041, '2023-10-01', 47.00, 16.00, 3.00, 50.00, 41),
(1042, '2023-10-02', 15.50, 16.00, 1.50, 17.00, 42),
(1043, '2023-10-03', 39.00, 16.00, 4.00, 43.00, 43),
(1044, '2023-10-04', 24.50, 16.00, 2.50, 27.00, 44),
(1045, '2023-10-05', 28.00, 16.00, 2.50, 30.50, 45),
(1046, '2023-10-06', 11.50, 16.00, 1.50, 13.00, 46),
(1047, '2023-10-07', 58.50, 16.00, 3.50, 62.00, 47),
(1048, '2023-10-08', 22.50, 16.00, 2.50, 25.00, 48),
(1049, '2023-10-09', 30.00, 16.00, 2.50, 32.50, 49),
(1050, '2023-10-10', 44.00, 16.00, 3.00, 47.00, 50),
(1051, '2023-11-01', 17.50, 16.00, 1.50, 19.00, 51),
(1052, '2023-11-02', 49.50, 16.00, 3.50, 53.00, 52),
(1053, '2023-11-03', 20.00, 16.00, 2.00, 22.00, 53),
(1054, '2023-11-04', 26.00, 16.00, 2.50, 28.50, 54),
(1055, '2023-11-05', 41.00, 16.00, 3.00, 44.00, 55),
(1056, '2023-11-06', 9.50, 16.00, 1.50, 11.00, 56),
(1057, '2023-11-07', 67.00, 16.00, 5.00, 72.00, 57),
(1058, '2023-11-08', 27.00, 16.00, 2.50, 29.50, 58),
(1059, '2023-11-09', 34.50, 16.00, 2.50, 37.00, 59),
(1060, '2023-11-10', 53.00, 16.00, 3.00, 56.00, 60),
(1061, '2023-12-01', 14.00, 16.00, 1.50, 15.50, 61),
(1062, '2023-12-02', 37.50, 16.00, 3.50, 41.00, 62),
(1063, '2023-12-03', 23.00, 16.00, 2.00, 25.00, 63),
(1064, '2023-12-04', 29.00, 16.00, 2.50, 31.50, 64),
(1065, '2023-12-05', 7.50, 16.00, 1.50, 9.00, 65),
(1066, '2023-12-06', 56.50, 16.00, 3.50, 60.00, 66),
(1067, '2023-12-07', 18.50, 16.00, 2.00, 20.50, 67),
(1068, '2023-12-08', 32.00, 16.00, 2.50, 34.50, 68),
(1069, '2023-12-09', 48.50, 16.00, 3.00, 51.50, 69),
(1070, '2023-12-10', 5.50, 16.00, 1.50, 7.00, 70),
(1071, '2024-01-01', 36.50, 16.00, 3.00, 39.50, 71),
(1072, '2024-01-02', 26.00, 16.00, 2.00, 28.00, 72),
(1073, '2024-01-03', 31.00, 16.00, 2.50, 33.50, 73),
(1074, '2024-01-04', 11.00, 16.00, 1.50, 12.50, 74),
(1075, '2024-01-05', 62.00, 16.00, 5.00, 67.00, 75),
(1076, '2024-01-06', 22.00, 16.00, 2.50, 24.50, 76),
(1077, '2024-01-07', 27.50, 16.00, 2.50, 30.00, 77),
(1078, '2024-01-08', 51.50, 16.00, 4.00, 55.50, 78),
(1079, '2024-01-09', 15.00, 16.00, 1.50, 16.50, 79),
(1080, '2024-01-10', 41.00, 16.00, 4.00, 45.00, 80),
(1081, '2024-02-01', 27.50, 16.00, 2.50, 30.00, 81),
(1082, '2024-02-02', 26.50, 16.00, 2.50, 29.00, 82),
(1083, '2024-02-03', 13.00, 16.00, 1.50, 14.50, 83),
(1084, '2024-02-04', 65.50, 16.00, 5.00, 70.50, 84),
(1085, '2024-02-05', 21.00, 16.00, 2.50, 23.50, 85),
(1086, '2024-02-06', 28.50, 16.00, 2.50, 31.00, 86),
(1087, '2024-02-07', 55.50, 16.00, 3.00, 58.50, 87),
(1088, '2024-02-08', 9.00, 16.00, 1.50, 10.50, 88),
(1089, '2024-02-09', 36.50, 16.00, 3.50, 40.00, 89),
(1090, '2024-02-10', 24.00, 16.00, 2.50, 26.50, 90),
(1091, '2024-03-01', 32.50, 16.00, 2.50, 35.00, 91),
(1092, '2024-03-02', 7.00, 16.00, 1.50, 8.50, 92),
(1093, '2024-03-03', 64.50, 16.00, 5.00, 69.50, 93),
(1094, '2024-03-04', 25.00, 16.00, 2.50, 27.50, 94),
(1095, '2024-03-05', 29.50, 16.00, 2.50, 32.00, 95),
(1096, '2024-03-06', 47.50, 16.00, 3.00, 50.50, 96),
(1097, '2024-03-07', 17.00, 16.00, 1.50, 18.50, 97),
(1098, '2024-03-08', 39.50, 16.00, 3.00, 42.50, 98),
(1099, '2024-03-09', 23.00, 16.00, 2.50, 25.50, 99),
(1100, '2024-03-10', 30.50, 16.00, 2.50, 33.00, 100),
(1101, '2024-04-01', 10.00, 16.00, 1.50, 11.50, 101),
(1102, '2024-04-02', 60.00, 16.00, 5.50, 65.50, 102),
(1103, '2024-04-03', 19.00, 16.00, 2.50, 21.50, 103),
(1104, '2024-04-04', 27.00, 16.00, 2.50, 29.50, 104),
(1105, '2024-04-05', 50.50, 16.00, 3.50, 54.00, 105),
(1106, '2024-04-06', 16.00, 16.00, 1.50, 17.50, 106),
(1107, '2024-04-07', 45.00, 16.00, 3.50, 48.50, 107),
(1108, '2024-04-08', 25.00, 16.00, 2.50, 27.50, 108),
(1109, '2024-04-09', 28.50, 16.00, 2.50, 31.00, 109),
(1110, '2024-04-10', 12.00, 16.00, 1.50, 13.50, 110),
(1111, '2024-05-01', 56.50, 16.00, 4.00, 60.50, 111),
(1112, '2024-05-02', 21.50, 16.00, 2.50, 24.00, 112),
(1113, '2024-05-03', 27.50, 16.00, 2.50, 30.00, 113),
(1114, '2024-05-04', 49.00, 16.00, 3.50, 52.50, 114),
(1115, '2024-05-05', 8.50, 16.00, 1.50, 10.00, 115),
(1116, '2024-05-06', 38.00, 16.00, 3.50, 41.50, 116),
(1117, '2024-05-07', 23.50, 16.00, 2.50, 26.00, 117),
(1118, '2024-05-08', 31.50, 16.00, 2.50, 34.00, 118),
(1119, '2024-05-09', 13.50, 16.00, 1.50, 15.00, 119),
(1120, '2024-05-10', 68.50, 16.00, 4.50, 73.00, 120),
(1121, '2024-06-01', 25.50, 16.00, 2.50, 28.00, 121),
(1122, '2024-06-02', 30.00, 16.00, 2.50, 32.50, 122),
(1123, '2024-06-03', 47.00, 16.00, 4.00, 51.00, 123),
(1124, '2024-06-04', 14.50, 16.00, 1.50, 16.00, 124),
(1125, '2024-06-05', 41.50, 16.00, 4.00, 45.50, 125),
(1126, '2024-06-06', 21.00, 16.00, 2.00, 23.00, 126),
(1127, '2024-06-07', 33.50, 16.00, 3.00, 36.50, 127),
(1128, '2024-06-08', 10.50, 16.00, 1.50, 12.00, 128),
(1129, '2024-06-09', 63.50, 16.00, 5.00, 68.50, 129),
(1130, '2024-06-10', 18.00, 16.00, 2.00, 20.00, 130),
(1131, '2024-06-11', 28.00, 16.00, 2.50, 30.50, 131),
(1132, '2024-06-12', 52.00, 16.00, 5.00, 57.00, 132),
(1133, '2024-06-13', 8.00, 16.00, 1.50, 9.50, 133),
(1134, '2024-06-14', 35.50, 16.00, 3.50, 39.00, 134),
(1135, '2024-06-15', 26.50, 16.00, 2.50, 29.00, 135),
(1136, '2024-06-16', 31.00, 16.00, 2.50, 33.50, 136),
(1137, '2024-06-17', 12.50, 16.00, 1.50, 14.00, 137),
(1138, '2024-06-18', 70.00, 16.00, 5.50, 75.50, 138),
(1139, '2024-06-19', 23.50, 16.00, 2.50, 26.00, 139),
(1140, '2024-06-20', 29.00, 16.00, 2.50, 31.50, 140),
(1141, '2024-06-21', 46.50, 16.00, 3.50, 50.00, 141),
(1142, '2024-06-22', 15.50, 16.00, 1.50, 17.00, 142),
(1143, '2024-06-23', 36.50, 16.00, 3.50, 40.00, 143),
(1144, '2024-06-24', 26.00, 16.00, 2.50, 28.50, 144),
(1145, '2024-06-25', 34.50, 16.00, 3.00, 37.50, 145),
(1146, '2024-07-01', 11.50, 16.00, 1.50, 13.00, 146),
(1147, '2024-07-02', 58.00, 16.00, 4.50, 62.50, 147),
(1148, '2024-07-03', 22.50, 16.00, 2.50, 25.00, 148),
(1149, '2024-07-04', 27.50, 16.00, 2.50, 30.00, 149),
(1150, '2024-07-05', 54.50, 16.00, 4.50, 59.00, 150);



-- RELACIONN REPARTIDOR PEDIDOO 150
INSERT INTO RepartidorPedido (idRepartidor, idPedido, tiempo_entrega) VALUES
(1, 1, 25), (2, 2, 30), (3, 3, 20), (4, 4, 15), (5, 5, 28),
(6, 6, 22), (7, 7, 35), (8, 8, 12), (9, 9, 40), (10, 10, 25),
(11, 11, 28), (12, 12, 33), (13, 13, 18), (14, 14, 38), (15, 15, 20),
(16, 16, 26), (17, 17, 32), (18, 18, 10), (19, 19, 45), (20, 20, 24),
(1, 21, 29), (2, 22, 37), (3, 23, 16), (4, 24, 31), (5, 25, 23),
(6, 26, 30), (7, 27, 14), (8, 28, 42), (9, 29, 26), (10, 30, 28),
(11, 31, 35), (12, 32, 10), (13, 33, 40), (14, 34, 19), (15, 35, 32),
(16, 36, 30), (17, 37, 8), (18, 38, 50), (19, 39, 21), (20, 40, 34),
(1, 41, 30), (2, 42, 17), (3, 43, 33), (4, 44, 25), (5, 45, 27),
(6, 46, 15), (7, 47, 38), (8, 48, 24), (9, 49, 31), (10, 50, 30),
(11, 51, 29), (12, 52, 35), (13, 53, 22), (14, 54, 28), (15, 55, 31),
(16, 56, 12), (17, 57, 48), (18, 58, 27), (19, 59, 36), (20, 60, 39),
(1, 61, 18), (2, 62, 30), (3, 63, 21), (4, 64, 29), (5, 65, 9),
(6, 66, 35), (7, 67, 20), (8, 68, 32), (9, 69, 40), (10, 70, 7),
(11, 71, 30), (12, 72, 28), (13, 73, 33), (14, 74, 15), (15, 75, 42),
(16, 76, 24), (17, 77, 29), (18, 78, 38), (19, 79, 17), (20, 80, 35),
(1, 81, 28), (2, 82, 27), (3, 83, 16), (4, 84, 40), (5, 85, 23),
(6, 86, 29), (7, 87, 36), (8, 88, 11), (9, 89, 34), (10, 90, 26),
(11, 91, 32), (12, 92, 10), (13, 93, 45), (14, 94, 25), (15, 95, 30),
(16, 96, 33), (17, 97, 18), (18, 98, 39), (19, 99, 26), (20, 100, 31),
(1, 101, 14), (2, 102, 37), (3, 103, 20), (4, 104, 28), (5, 105, 35),
(6, 106, 16), (7, 107, 39), (8, 108, 25), (9, 109, 30), (10, 110, 15),
(11, 111, 40), (12, 112, 22), (13, 113, 29), (14, 114, 34), (15, 115, 12),
(16, 116, 36), (17, 117, 24), (18, 118, 31), (19, 119, 17), (20, 120, 42),
(1, 121, 26), (2, 122, 30), (3, 123, 38), (4, 124, 15), (5, 125, 35),
(6, 126, 20), (7, 127, 32), (8, 128, 10), (9, 129, 45), (10, 130, 23),
(11, 131, 28), (12, 132, 36), (13, 133, 13), (14, 134, 30), (15, 135, 29),
(16, 136, 33), (17, 137, 14), (18, 138, 48), (19, 139, 25), (20, 140, 31),
(1, 141, 29), (2, 142, 17), (3, 143, 32), (4, 144, 26), (5, 145, 34),
(6, 146, 12), (7, 147, 40), (8, 148, 22), (9, 149, 28), (10, 150, 37);



-- RELACION CLIENTE CON CLIENTE REFERIDO 
INSERT INTO ClienteConClienteReferido (idCliente, idClienteReferido, fecha_referido) VALUES
(1, 11, '2024-01-20'), (2, 12, '2024-01-25'), (3, 13, '2024-02-01'),
(4, 14, '2024-02-05'), (5, 15, '2024-02-10'), (6, 16, '2024-02-15'),
(7, 17, '2024-02-20'), (8, 18, '2024-02-25'), (9, 19, '2024-03-01'),
(10, 20, '2024-03-05'), (21, 31, '2024-03-10'), (22, 32, '2024-03-15'),
(23, 33, '2024-03-20'), (24, 34, '2024-03-25'), (25, 35, '2024-04-01'),
(26, 36, '2024-04-05'), (27, 37, '2024-04-10'), (28, 38, '2024-04-15'),
(29, 39, '2024-04-20'), (30, 40, '2024-04-25'), (41, 51, '2024-05-01'),
(42, 52, '2024-05-05'), (43, 53, '2024-05-10'), (44, 54, '2024-05-15'),
(45, 55, '2024-05-20'), (46, 56, '2024-05-25'), (47, 57, '2024-06-01'),
(48, 58, '2024-06-05'), (49, 59, '2024-06-10'), (50, 60, '2024-06-15');


-- RELACION CLIENTE REPARTIDOR 
INSERT INTO ClienteRepartidor (idCliente, idRepartidor, fecha, puntaje, comentario) VALUES
(1, 1, '2023-07-01', 5, 'Excelente servicio, muy rápido.'),
(2, 2, '2023-07-02', 4, 'Todo bien, llegó a tiempo.'),
(3, 3, '2023-07-03', 3, 'Normal, sin quejas.'),
(4, 4, '2023-07-04', 2, 'Un poco lento.'),
(5, 5, '2023-07-05', 5, 'Amable y eficiente.'),
(6, 6, '2023-07-06', 4, 'Buena atención.'),
(7, 7, '2023-07-07', 5, 'Super rápido y atento.'),
(8, 8, '2023-07-08', 4, 'Entrega correcta.'),
(9, 9, '2023-07-09', 3, 'Demoró un poco.'),
(10, 10, '2023-07-10', 5, 'Excelente.'),
(11, 1, '2023-08-01', 4, 'Buena experiencia.'),
(12, 2, '2023-08-02', 5, 'Genial.'),
(13, 3, '2023-08-03', 3, 'Podría mejorar.'),
(14, 4, '2023-08-04', 2, 'Entrega con retraso.'),
(15, 5, '2023-08-05', 5, 'Muy profesional.'),
(16, 6, '2023-08-06', 4, 'Conforme.'),
(17, 7, '2023-08-07', 5, 'Impecable.'),
(18, 8, '2023-08-08', 4, 'Sin problemas.'),
(19, 9, '2023-08-09', 3, 'Regular.'),
(20, 10, '2023-08-10', 5, 'Recomendado.'),
(21, 11, '2023-09-01', 4, 'Satisfecho.'),
(22, 12, '2023-09-02', 5, 'Muy bien.'),
(23, 13, '2023-09-03', 3, 'Aceptable.'),
(24, 14, '2023-09-04', 2, 'No muy contento.'),
(25, 15, '2023-09-05', 5, 'El mejor repartidor.'),
(26, 16, '2023-09-06', 4, 'Confiable.'),
(27, 17, '2023-09-07', 5, 'Perfecto.'),
(28, 18, '2023-09-08', 4, 'Buen trabajo.'),
(29, 19, '2023-09-09', 3, 'Podría ser más rápido.'),
(30, 20, '2023-09-10', 5, 'Excelente servicio.'),
(31, 1, '2023-10-01', 4, 'Llegó a tiempo.'),
(32, 2, '2023-10-02', 5, 'Rápido y eficiente.'),
(33, 3, '2023-10-03', 3, 'Cumplió.'),
(34, 4, '2023-10-04', 1, 'Muy lento.'),
(35, 5, '2023-10-05', 5, 'Siempre excelente.'),
(36, 6, '2023-10-06', 4, 'Sin novedades.'),
(37, 7, '2023-10-07', 5, 'Recomendable.'),
(38, 8, '2023-10-08', 4, 'Todo ok.'),
(39, 9, '2023-10-09', 2, 'No tan bueno como esperaba.'),
(40, 10, '2023-10-10', 5, 'Fantástico.');
